{"cameraMode":{"drawMode":0,"name":"Shaded","section":"Shading Mode"},"sceneLighting":false,"audioPlay":false,"sceneViewState":{"showFog":true,"showMaterialUpdate":false,"showSkybox":true,"showFlares":true,"showImageEffects":true,"showParticleSystems":true},"in2DMode":false,"pivot":{"x":0.0,"y":3.2699999809265138,"z":-1.1316018104553223},"rotation":{"x":-0.22909113764762879,"y":0.6439496278762817,"z":-0.21112051606178285,"w":-0.6987662315368652},"size":13.328283309936524,"orthographic":false}