{"cameraMode":{"drawMode":0,"name":"Shaded","section":"Shading Mode"},"sceneLighting":false,"audioPlay":false,"sceneViewState":{"showFog":true,"showMaterialUpdate":false,"showSkybox":true,"showFlares":true,"showImageEffects":true,"showParticleSystems":true},"in2DMode":false,"pivot":{"x":-0.08429598808288574,"y":2.7300000190734865,"z":-2.4026741981506349},"rotation":{"x":0.2851923406124115,"y":-0.11324679851531983,"z":0.03395460546016693,"w":0.9511507153511047},"size":13.453932762145996,"orthographic":false}