{"cameraMode":{"drawMode":0,"name":"Shaded","section":"Shading Mode"},"sceneLighting":false,"audioPlay":false,"sceneViewState":{"showFog":true,"showMaterialUpdate":false,"showSkybox":true,"showFlares":true,"showImageEffects":true,"showParticleSystems":true},"in2DMode":false,"pivot":{"x":0.06319443881511688,"y":0.1300329566001892,"z":1.8160440921783448},"rotation":{"x":-0.17959968745708466,"y":0.4029861390590668,"z":-0.08098042756319046,"w":-0.8937495350837708},"size":1.1121937036514283,"orthographic":false}